Workbook

Sheet Datos
A1: ID | B1: Título | C1: Estado | D1: Creado | E1: Actualizado | F1: Duración_días
F2: =IF(AND($C2="done",$D2<>"",$E2<>""),$E2-$D2,"")
F3: =IF(AND($C3="done",$D3<>"",$E3<>""),$E3-$D3,"")
F4: =IF(AND($C4="done",$D4<>"",$E4<>""),$E4-$D4,"")
F5: =IF(AND($C5="done",$D5<>"",$E5<>""),$E5-$D5,"")
F6: =IF(AND($C6="done",$D6<>"",$E6<>""),$E6-$D6,"")
F7: =IF(AND($C7="done",$D7<>"",$E7<>""),$E7-$D7,"")
F8: =IF(AND($C8="done",$D8<>"",$E8<>""),$E8-$D8,"")
F9: =IF(AND($C9="done",$D9<>"",$E9<>""),$E9-$D9,"")
F10: =IF(AND($C10="done",$D10<>"",$E10<>""),$E10-$D10,"")
F11: =IF(AND($C11="done",$D11<>"",$E11<>""),$E11-$D11,"")
F12: =IF(AND($C12="done",$D12<>"",$E12<>""),$E12-$D12,"")
F13: =IF(AND($C13="done",$D13<>"",$E13<>""),$E13-$D13,"")
... F501: =IF(AND($C501="done",$D501<>"",$E501<>""),$E501-$D501,"")

Sheet Resumen
A1: Resumen de tareas
A3: Métrica | B3: Valor | C3: Descripción
A4: Total tareas | B4: =COUNTA(Datos!A2:A500) -> 0 | C4: Conteo de todas las tareas capturadas
A5: Pendientes | B5: =COUNTIF(Datos!C2:C500,"pending") -> 0 | C5: Tareas que aún no han iniciado
A6: En proceso | B6: =COUNTIF(Datos!C2:C500,"in_process") -> 0 | C6: Tareas actualmente en ejecución
A7: Realizadas | B7: =COUNTIF(Datos!C2:C500,"done") -> 0 | C7: Tareas marcadas como 'done'
A8: % Completadas | B8: =IF(B4=0,0,B7/B4) -> 0 | C8: Porcentaje de realizadas sobre el total
A9: Promedio días para completar | B9: =IFERROR(AVERAGE(Datos!F2:F500),0) -> 0 | C9: Tiempo medio desde creación hasta cierre
A11: Nota: este resumen se actualiza automáticamente en función de los datos de la hoja 'Datos'.

Sheet Dashboard
B2: Dashboard · Tareas
B5: Resumen ejecutivo de tareas, estados y tiempos de resolución | K5: Fuente: hoja 'Datos' · Ajusta los filtros en la aplicación y vuelve a descargar.
B7: Total tareas | F7: Pendientes | J7: En proceso | N7: Realizadas
B8: =Resumen!B4 -> 0 | F8: =Resumen!B5 -> 0 | J8: =Resumen!B6 -> 0 | N8: =Resumen!B7 -> 0
B10: Conteo total de registros en la hoja Datos | F10: Tareas que aún no han comenzado | J10: Tareas actualmente en ejecución | N10: Tareas marcadas como finalizadas
B14: % Completadas | F14: Promedio días para completar
B15: =Resumen!B8 -> 0 | F15: =Resumen!B9 -> 0
B17: Relaciona tareas 'done' con el total | F17: Tiempo medio entre creación y cierre
B22: Detalle de métricas
B23: Métrica | C23: Valor | D23: Descripción
B24: =Resumen!A4 -> Total tareas | C24: =Resumen!B4 -> 0 | D24: =Resumen!C4 -> Conteo de todas las tareas capturadas
B25: =Resumen!A5 -> Pendientes | C25: =Resumen!B5 -> 0 | D25: =Resumen!C5 -> Tareas que aún no han iniciado
B26: =Resumen!A6 -> En proceso | C26: =Resumen!B6 -> 0 | D26: =Resumen!C6 -> Tareas actualmente en ejecución
B27: =Resumen!A7 -> Realizadas | C27: =Resumen!B7 -> 0 | D27: =Resumen!C7 -> Tareas marcadas como 'done'
B28: =Resumen!A8 -> % Completadas | C28: =Resumen!B8 -> 0 | D28: =Resumen!C8 -> Porcentaje de realizadas sobre el total
B29: =Resumen!A9 -> Promedio días para completar | C29: =Resumen!B9 -> 0 | D29: =Resumen!C9 -> Tiempo medio desde creación hasta cierre
